Feature,Importance
Discount Amount,0.6591597996796331
Discount,0.27318974704149224
Profit,0.059655126463882095
Profit Margin,0.005249229864277693
Sub_Cat_enc,0.0004552882188646601
City_enc,0.00045217691071893797
Order Day,0.0003889850745725656
Category_enc,0.000304575762817014
Month_enc,0.00030061496343424963
Region_enc,0.00021024867891135385
Order Month,0.00020384948010573596
month_no,0.0001853600098947728
Order Year,0.0001272346086741375
year,0.00011776324272143861
State_enc,0.0
